gender,race/ethnicity,parental level of education,parental income,test preparation course,ACT composite score,SAT total score,high school gpa,college gpa,years to graduate
male,group D,high school,730-25000,completed,31,2005,3.9,3,6
male,group B,associate's degree,90000+,completed,31,2091,4,3.6,4
male,group E,associate's degree,50000-68000,completed,31,2113,4,3.2,7
female,group E,associate's degree,68000-90000,completed,31,2106,4,3.2,5
male,group D,bachelor's degree,68000-90000,none,26,1894,3.6,3.3,4
male,group D,associate's degree,68000-90000,completed,27,1871,3.5,3.4,5
male,group A,associate's degree,50000-68000,completed,31,2038,3.9,3.2,4
male,group C,high school,90000+,completed,29,1981,3.7,3.6,4
female,group B,associate's degree,50000-68000,completed,30,1971,3.8,3.2,4
female,group B,high school,0-730,none,29,1904,3.6,2.9,5
female,group D,associate's degree,50000-68000,none,30,2049,3.9,3.5,5
female,group D,high school,68000-90000,none,26,1941,3.7,3.4,5
female,group E,associate's degree,68000-90000,completed,29,2005,3.8,3.2,5
female,group D,associate's degree,50000-68000,none,30,2046,3.9,3.6,3
female,group D,associate's degree,68000-90000,none,28,2007,3.7,3.4,5
female,group E,high school,25000-50000,completed,26,1846,3.4,3.2,7
female,group B,high school,68000-90000,none,26,1762,3.2,3.2,6
female,group A,master's degree,68000-90000,none,33,2204,4,3.6,4
female,group C,high school,50000-68000,none,32,2192,4,3.5,4
male,group C,high school,25000-50000,completed,34,2226,4,3.5,5
male,group B,high school,25000-50000,none,28,1964,3.6,3.3,7
female,group E,high school,50000-68000,none,29,1961,3.6,2.9,5
female,group B,associate's degree,68000-90000,completed,28,2065,3.8,3.5,7
female,group C,associate's degree,25000-50000,completed,30,1999,3.8,3.3,5
male,group D,associate's degree,90000+,none,29,1995,3.8,3.7,4
male,group E,high school,25000-50000,completed,28,1984,3.8,3.4,4
male,group C,associate's degree,68000-90000,none,26,1774,3.4,3,8
female,group C,high school,50000-68000,none,26,1874,3.4,3.3,4
male,group A,master's degree,68000-90000,none,31,2198,4,3.4,4
female,group C,associate's degree,50000-68000,completed,27,1997,3.6,3.3,4
female,group C,associate's degree,90000+,completed,28,2049,3.9,3.5,5
female,group C,associate's degree,68000-90000,none,28,1989,3.8,3.5,4
male,group D,bachelor's degree,68000-90000,none,33,2227,4,3.5,5
female,group C,associate's degree,90000+,completed,32,2127,4,3.5,5
male,group C,associate's degree,25000-50000,none,26,1894,3.6,3.3,5
female,group D,associate's degree,68000-90000,completed,31,1983,3.8,3.5,6
male,group E,high school,50000-68000,none,30,2043,3.9,3.1,9
male,group C,master's degree,50000-68000,none,31,2093,4,3.4,4
male,group C,associate's degree,68000-90000,completed,30,2138,4,3.3,5
female,group A,associate's degree,68000-90000,completed,27,1857,3.4,3.3,4
female,group C,associate's degree,25000-50000,completed,31,2087,4,3.4,5
female,group C,associate's degree,50000-68000,none,29,2052,3.9,3.2,5
female,group B,associate's degree,90000+,none,31,2040,4,3.7,8
male,group D,associate's degree,68000-90000,completed,30,2036,3.8,3.4,5
female,group B,high school,25000-50000,completed,28,1879,3.5,3.2,6
female,group C,high school,68000-90000,completed,31,2175,4,3.5,4
male,group D,associate's degree,25000-50000,none,32,2216,4,3.3,5
female,group E,master's degree,68000-90000,none,31,2111,4,3.1,5
male,group C,associate's degree,68000-90000,none,25,1842,3.3,3,6
female,group B,associate's degree,50000-68000,none,30,2015,3.7,3.4,4
male,group D,high school,25000-50000,none,29,1962,3.7,3.2,6
male,group B,associate's degree,68000-90000,none,26,1803,3.4,3.3,5
female,group B,high school,50000-68000,none,28,1899,3.6,3.3,4
male,group D,associate's degree,25000-50000,completed,25,1782,3.3,3.5,4
male,group D,high school,25000-50000,completed,26,1849,3.6,3.1,5
female,group C,high school,50000-68000,none,26,1930,3.4,3.3,7
male,group C,associate's degree,68000-90000,none,28,1946,3.7,3.4,6
male,group C,associate's degree,50000-68000,none,27,1903,3.5,3.2,5
female,group B,associate's degree,50000-68000,none,27,1917,3.6,3.3,5
female,group C,associate's degree,68000-90000,completed,30,1998,4,3.3,6
female,group D,high school,25000-50000,none,27,1781,3.4,3.3,5
male,group D,associate's degree,90000+,none,30,2070,4,3.6,7
female,group D,high school,50000-68000,none,29,1902,3.8,3.4,4
female,group E,associate's degree,50000-68000,none,27,1969,3.6,3.2,6
male,group C,bachelor's degree,68000-90000,none,27,1976,3.7,3.2,4
male,group B,bachelor's degree,90000+,none,30,2205,4,3.5,7
female,group A,high school,68000-90000,completed,31,2142,4,3.8,4
male,group D,master's degree,90000+,none,30,2030,3.9,3.6,6
male,group C,associate's degree,68000-90000,completed,28,1986,3.7,3.2,5
male,group C,associate's degree,68000-90000,completed,28,1861,3.6,3.5,3
female,group B,master's degree,68000-90000,none,31,2140,4,3.3,9
male,group D,high school,25000-50000,none,32,2111,4,3.4,5
male,group D,bachelor's degree,68000-90000,none,31,2258,4,3.7,7
male,group B,bachelor's degree,68000-90000,none,32,2204,4,3.8,3
female,group C,associate's degree,68000-90000,none,30,2149,4,3.5,6
male,group C,associate's degree,50000-68000,completed,32,2136,4,3.5,7
female,group A,associate's degree,68000-90000,none,31,2161,4,3.8,3
female,group D,high school,25000-50000,completed,26,1721,3.1,2.9,5
male,group C,high school,68000-90000,none,26,1897,3.4,3.5,3
male,group E,high school,25000-50000,completed,28,1981,3.6,3.3,5
male,group A,associate's degree,68000-90000,completed,30,2038,3.9,3.6,4
female,group B,high school,50000-68000,none,31,2126,4,3.5,5
male,group C,bachelor's degree,68000-90000,none,30,2023,3.9,3.6,4
male,group C,associate's degree,50000-68000,completed,33,2282,4,3.8,6
female,group E,associate's degree,68000-90000,none,28,2053,3.9,3.2,5
female,group C,high school,50000-68000,none,31,2053,3.9,3.5,5
female,group C,high school,68000-90000,completed,24,1753,3.1,3.2,4
female,group B,high school,68000-90000,none,33,2030,4,3.5,7
male,group E,associate's degree,90000+,none,28,1901,3.6,3.4,5
female,group B,high school,68000-90000,completed,29,1957,3.7,3.6,3
female,group A,high school,730-25000,completed,30,2009,3.9,3.4,6
male,group D,associate's degree,68000-90000,completed,31,2097,4,3.2,5
female,group B,bachelor's degree,90000+,none,30,2068,4,3.7,5
male,group D,associate's degree,25000-50000,none,27,1890,3.6,3,7
male,group C,bachelor's degree,90000+,none,29,2048,3.9,3.5,4
female,group B,master's degree,90000+,completed,34,2072,4,3.9,4
female,group B,associate's degree,68000-90000,none,33,2161,4,3.8,3
female,group B,associate's degree,68000-90000,completed,29,2042,4,3.1,5
female,group D,associate's degree,68000-90000,completed,29,1929,3.5,3.2,4
female,group D,associate's degree,68000-90000,completed,35,2215,4,3.5,4
male,group E,high school,50000-68000,completed,26,1767,3.2,3,9
male,group D,master's degree,90000+,none,26,1880,3.5,3.8,5
female,group D,high school,25000-50000,completed,27,1895,3.6,3.3,5
female,group B,associate's degree,68000-90000,none,28,1944,3.8,3.3,5
male,group E,high school,50000-68000,completed,30,2011,3.8,3.7,3
female,group C,high school,25000-50000,none,23,1703,3,2.8,6
female,group D,high school,68000-90000,completed,29,1977,3.7,3.3,4
male,group C,associate's degree,50000-68000,completed,29,1901,3.6,3.4,8
male,group B,associate's degree,50000-68000,completed,27,2001,3.8,3.2,5
male,group C,associate's degree,90000+,none,29,2032,3.8,3.6,4
female,group D,associate's degree,90000+,none,27,1938,3.7,3.7,6
male,group E,high school,25000-50000,none,28,1955,3.5,3.2,5
male,group D,associate's degree,50000-68000,completed,30,2116,4,3.3,5
female,group C,high school,68000-90000,none,28,1961,3.7,3.1,5
female,group B,associate's degree,25000-50000,completed,32,2222,4,3.3,8
male,group A,high school,68000-90000,none,26,1884,3.4,3.2,5
female,group D,associate's degree,50000-68000,none,32,2166,4,3.1,6
male,group C,high school,730-25000,none,30,2082,3.9,3.1,5
male,group B,associate's degree,25000-50000,completed,27,1957,3.5,3.2,6
female,group B,high school,25000-50000,none,27,1975,3.7,3.5,4
female,group D,associate's degree,50000-68000,none,29,1967,3.7,3.2,4
male,group D,high school,50000-68000,none,24,1788,3.1,2.7,6
female,group C,associate's degree,50000-68000,none,27,1873,3.6,3.4,3
female,group B,associate's degree,68000-90000,completed,32,2212,4,3.7,5
female,group D,high school,50000-68000,completed,25,1883,3.5,3.2,4
female,group C,bachelor's degree,68000-90000,none,29,2007,3.6,3.3,6
male,group D,associate's degree,68000-90000,none,27,1990,3.6,3.7,3
female,group E,associate's degree,68000-90000,none,28,1895,3.5,3.4,6
female,group B,associate's degree,68000-90000,none,32,2162,4,3.6,5
male,group C,high school,50000-68000,none,27,1975,3.6,3.4,4
male,group B,high school,25000-50000,none,29,2000,3.8,3.2,5
female,group B,high school,25000-50000,none,27,1911,3.6,3.2,5
male,group E,associate's degree,68000-90000,completed,26,1932,3.5,3.4,4
female,group C,high school,50000-68000,none,28,1968,3.6,3.2,4
male,group B,high school,68000-90000,completed,31,2068,3.9,3.4,4
male,group B,associate's degree,90000+,none,30,2106,4,3.3,5
male,group C,bachelor's degree,68000-90000,none,31,2209,4,3.8,4
female,group E,associate's degree,68000-90000,none,32,2096,4,3.5,4
female,group C,associate's degree,50000-68000,none,28,2013,3.6,3.6,3
female,group A,bachelor's degree,68000-90000,none,29,2178,4,3.7,3
male,group C,associate's degree,25000-50000,none,26,1846,3.3,3.1,5
female,group C,high school,50000-68000,none,28,1925,3.7,3.5,4
female,group B,associate's degree,90000+,none,27,1969,3.7,3.1,6
female,group D,high school,50000-68000,completed,22,1712,3.1,3.4,3
female,group B,associate's degree,50000-68000,none,27,1986,3.6,3.3,4
female,group D,associate's degree,90000+,completed,34,2192,4,3.5,5
female,group D,associate's degree,50000-68000,none,30,2096,4,3.1,5
male,group B,associate's degree,68000-90000,none,31,2136,4,3.4,5
male,group B,bachelor's degree,68000-90000,none,30,2194,4,3.6,4
female,group E,associate's degree,68000-90000,none,30,2046,4,3.4,4
female,group E,bachelor's degree,50000-68000,none,32,2140,4,3.4,7
male,group C,high school,68000-90000,none,27,1831,3.3,3.4,4
male,group D,associate's degree,68000-90000,completed,28,1946,3.7,3.2,5
female,group B,associate's degree,68000-90000,none,29,2018,3.9,3.4,4
male,group C,high school,25000-50000,none,27,1792,3.4,3.4,4
male,group A,high school,25000-50000,completed,32,2037,4,3.6,4
female,group C,associate's degree,90000+,completed,29,1993,3.8,3.5,4
female,group A,high school,25000-50000,completed,30,1903,3.6,3.2,6
female,group E,associate's degree,68000-90000,none,26,1859,3.5,3.2,5
female,group C,associate's degree,68000-90000,none,28,2013,3.8,3.5,4
female,group C,high school,50000-68000,completed,28,1971,3.7,3.7,4
male,group C,associate's degree,25000-50000,none,31,2153,4,3.2,5
male,group E,master's degree,68000-90000,none,33,2301,4,3.7,4
female,group C,high school,50000-68000,completed,30,2058,3.9,3.2,6
female,group B,bachelor's degree,90000+,none,28,2017,3.7,3.8,4
male,group B,high school,68000-90000,none,31,1992,3.8,3.5,4
female,group D,associate's degree,25000-50000,none,31,2042,4,3.6,4
male,group B,high school,25000-50000,completed,30,1985,3.8,3.6,4
female,group C,high school,25000-50000,none,32,2117,4,3.4,5
female,group A,master's degree,68000-90000,none,26,1793,3.3,3.6,3
female,group C,associate's degree,68000-90000,none,30,2027,3.8,3.2,5
male,group E,associate's degree,50000-68000,none,27,2043,3.7,3.3,6
female,group C,associate's degree,68000-90000,none,32,2129,4,3.4,5
female,group A,associate's degree,50000-68000,none,28,2064,3.8,3.4,4
female,group C,associate's degree,68000-90000,none,29,1908,3.6,3.6,3
female,group E,high school,50000-68000,completed,29,2058,3.9,3.6,3
male,group B,associate's degree,90000+,completed,29,2092,4,3.2,6
male,group D,high school,50000-68000,completed,30,2019,3.8,3.3,5
male,group E,bachelor's degree,50000-68000,completed,28,1925,3.8,3.5,6
female,group D,high school,25000-50000,none,28,1918,3.7,3,7
male,group C,associate's degree,68000-90000,none,27,1931,3.5,3.2,5
male,group C,bachelor's degree,68000-90000,none,31,2197,4,3.9,3
male,group E,high school,68000-90000,completed,24,1793,3.2,3.3,7
female,group E,bachelor's degree,68000-90000,none,26,1867,3.4,3.4,6
male,group D,high school,50000-68000,none,26,1733,3.2,3.4,4
female,group E,bachelor's degree,50000-68000,none,34,2302,4,3.5,5
male,group B,master's degree,90000+,none,29,1972,3.8,3.2,7
male,group C,high school,25000-50000,none,29,1955,3.8,3.4,5
male,group D,associate's degree,68000-90000,none,30,2071,4,3.4,5
male,group A,high school,50000-68000,none,23,1693,2.8,3.1,4
female,group C,associate's degree,50000-68000,completed,27,1950,3.6,3.5,5
female,group A,associate's degree,50000-68000,none,28,1972,3.8,3.3,6
male,group B,associate's degree,68000-90000,none,25,1811,3.3,3.4,4
male,group E,bachelor's degree,68000-90000,none,32,2258,4,3.4,4
male,group E,high school,730-25000,none,29,1902,3.7,3,5
female,group E,high school,730-25000,completed,26,1824,3.4,3.2,7
male,group B,high school,25000-50000,none,27,1787,3.2,3.1,6
female,group C,associate's degree,50000-68000,none,29,1947,3.8,3.2,9
female,group B,associate's degree,90000+,none,28,1879,3.4,3.5,4
male,group A,bachelor's degree,90000+,none,27,2022,3.8,3.5,6
female,group C,bachelor's degree,50000-68000,none,24,1867,3.4,3.1,4
female,group C,associate's degree,68000-90000,none,27,1995,3.7,3.4,4
male,group B,associate's degree,68000-90000,none,29,2011,3.7,3.7,3
female,group B,bachelor's degree,90000+,completed,28,1935,3.6,3.8,3
female,group C,high school,68000-90000,none,26,1928,3.4,3.2,5
male,group C,associate's degree,25000-50000,none,26,1852,3.5,3,5
female,group E,high school,50000-68000,none,27,1909,3.6,3.3,4
male,group B,associate's degree,50000-68000,completed,25,1892,3.5,3.3,4
male,group D,associate's degree,68000-90000,none,28,1878,3.4,3,8
male,group D,associate's degree,68000-90000,completed,30,2058,4,3.5,5
male,group D,high school,50000-68000,completed,26,1871,3.3,3.4,3
female,group C,associate's degree,68000-90000,none,33,2101,4,3.2,5
male,group B,high school,50000-68000,none,24,1791,3.2,3.4,3
male,group C,high school,25000-50000,completed,27,1880,3.4,3.2,6
female,group D,high school,50000-68000,none,29,2068,3.9,3.7,3
male,group E,high school,25000-50000,completed,27,1864,3.4,3.3,6
male,group C,associate's degree,68000-90000,none,29,2043,3.9,3.6,4
male,group B,associate's degree,50000-68000,none,28,1941,3.5,3.4,3
male,group D,master's degree,90000+,completed,32,2172,4,4,4
male,group D,high school,50000-68000,none,27,1955,3.6,3.1,5
male,group C,high school,50000-68000,none,25,1739,3.2,3.5,6
male,group B,associate's degree,50000-68000,none,32,2179,4,3.3,4
female,group A,associate's degree,68000-90000,none,27,2014,3.9,3.2,5
female,group A,associate's degree,50000-68000,none,29,2045,3.8,3.2,4
female,group B,high school,50000-68000,completed,29,2038,3.8,3.7,3
male,group B,high school,25000-50000,none,27,1865,3.4,3.4,4
female,group C,associate's degree,50000-68000,none,26,1908,3.5,3.4,3
male,group C,high school,68000-90000,none,31,2116,4,3.4,4
male,group C,associate's degree,68000-90000,none,28,1888,3.6,3.3,4
male,group E,high school,50000-68000,completed,30,1929,3.6,3.5,3
female,group D,high school,50000-68000,none,25,1816,3.3,3.2,4
male,group D,associate's degree,25000-50000,completed,28,1937,3.6,2.9,6
female,group C,high school,25000-50000,none,27,1879,3.5,3.5,4
female,group C,high school,25000-50000,completed,29,1875,3.8,3.6,4
female,group C,associate's degree,50000-68000,none,28,1953,3.8,3.3,4
female,group D,associate's degree,68000-90000,completed,32,2245,4,3.6,4
male,group E,associate's degree,50000-68000,none,25,1778,3.3,3.3,4
male,group C,high school,25000-50000,none,28,2089,3.8,3.3,5
female,group D,high school,50000-68000,completed,26,1779,3.3,3.5,3
male,group C,master's degree,90000+,completed,28,2075,3.7,3.7,3
female,group C,associate's degree,90000+,none,34,2278,4,3.7,4
female,group D,high school,25000-50000,none,27,1823,3.3,3.1,5
male,group B,associate's degree,68000-90000,none,27,2000,3.6,3.4,4
female,group C,associate's degree,50000-68000,none,27,1967,3.7,3.4,4
male,group E,associate's degree,68000-90000,none,26,1839,3.4,3.3,4
female,group B,bachelor's degree,68000-90000,completed,27,1920,3.7,3.5,4
female,group E,high school,50000-68000,completed,28,1937,3.6,3.3,4
female,group A,associate's degree,50000-68000,none,30,2058,3.9,3.2,6
male,group C,associate's degree,68000-90000,none,33,2262,4,3.3,5
female,group B,bachelor's degree,90000+,completed,27,2058,3.8,3.2,5
male,group D,bachelor's degree,90000+,completed,31,2136,4,3.4,5
male,group C,high school,25000-50000,completed,29,2115,3.9,3.1,6
male,group C,high school,50000-68000,completed,27,2027,3.7,3.4,4
male,group D,associate's degree,68000-90000,none,31,2116,4,3.7,5
male,group B,associate's degree,25000-50000,none,31,2108,4,3.3,5
male,group C,high school,50000-68000,none,28,1994,3.7,3.3,4
female,group C,master's degree,90000+,completed,30,2051,4,3.6,4
male,group B,high school,68000-90000,none,27,1821,3.5,3.1,5
female,group B,high school,50000-68000,none,28,1962,3.7,3.3,5
male,group B,bachelor's degree,50000-68000,none,29,1956,3.7,3.3,6
male,group C,master's degree,68000-90000,none,32,2071,4,3.4,4
male,group A,high school,25000-50000,completed,26,1799,3.2,3.3,4
male,group B,bachelor's degree,90000+,none,30,2028,4,3.4,5
female,group E,high school,50000-68000,completed,24,1872,3.3,3.1,4
male,group C,high school,50000-68000,completed,30,1977,3.8,3.2,5
male,group D,master's degree,68000-90000,none,31,2208,4,3.7,5
male,group C,bachelor's degree,68000-90000,none,26,2015,3.6,3.3,4
male,group A,high school,25000-50000,completed,32,2170,4,3.3,5
male,group C,associate's degree,50000-68000,none,26,1879,3.4,3.1,4
female,group C,high school,25000-50000,none,27,1907,3.5,3.1,5
male,group C,associate's degree,50000-68000,none,32,2148,4,3.7,4
female,group C,high school,25000-50000,completed,31,2052,4,3.3,5
female,group C,associate's degree,50000-68000,completed,25,1968,3.5,3.4,4
male,group B,bachelor's degree,90000+,none,29,2089,4,3.4,4
male,group A,master's degree,90000+,none,29,2050,3.9,3.7,5
female,group C,associate's degree,50000-68000,completed,25,1852,3.2,3,7
male,group A,high school,25000-50000,none,30,2080,3.9,3.5,5
male,group C,associate's degree,50000-68000,completed,29,2152,4,3.5,4
male,group B,high school,50000-68000,none,25,1736,3.1,3.3,6
female,group D,associate's degree,25000-50000,none,31,2171,4,3.3,7
male,group B,bachelor's degree,68000-90000,completed,32,2186,4,3.4,7
female,group E,bachelor's degree,68000-90000,completed,31,2012,3.9,3.8,3
female,group D,bachelor's degree,90000+,none,32,2161,4,3.9,4
female,group C,master's degree,90000+,none,36,2357,4,4,6
female,group B,associate's degree,68000-90000,none,25,1970,3.6,3.3,8
male,group C,high school,25000-50000,completed,32,2160,4,3.5,5
female,group E,high school,50000-68000,none,23,1708,3,3.3,3
male,group A,high school,68000-90000,none,28,1985,3.6,3.3,4
female,group B,associate's degree,25000-50000,completed,28,2061,3.8,3.6,4
male,group C,associate's degree,68000-90000,completed,34,2182,4,3.5,8
female,group C,associate's degree,90000+,completed,31,2222,4,3.4,8
female,group C,high school,50000-68000,completed,32,2186,4,3.5,5
male,group C,associate's degree,90000+,none,27,2033,3.6,3.6,5
female,group B,bachelor's degree,90000+,completed,27,1924,3.7,3.7,4
female,group E,high school,50000-68000,completed,26,1845,3.4,3.2,6
female,group C,associate's degree,68000-90000,none,29,2123,4,3.6,4
male,group D,associate's degree,68000-90000,none,23,1810,3.1,3.3,4
female,group C,associate's degree,50000-68000,none,28,2009,3.9,3.7,5
male,group C,associate's degree,68000-90000,completed,25,1735,3.3,2.8,6
female,group C,high school,50000-68000,none,30,2100,4,3.4,6
female,group C,bachelor's degree,90000+,completed,31,2162,4,3.5,4
male,group E,associate's degree,25000-50000,completed,26,1863,3.4,3.1,8
female,group C,high school,25000-50000,completed,27,1894,3.5,3.2,5
female,group E,associate's degree,68000-90000,none,28,1843,3.4,3.6,3
male,group C,high school,25000-50000,none,28,1944,3.6,3,6
male,group D,high school,68000-90000,none,26,1737,3.2,3.6,7
male,group A,associate's degree,68000-90000,none,26,2014,3.7,3.6,5
female,group C,associate's degree,50000-68000,none,27,1898,3.7,3.4,4
male,group C,associate's degree,68000-90000,none,34,2256,4,3.8,5
male,group C,high school,90000+,none,25,1786,3.2,3.5,4
male,group D,associate's degree,50000-68000,none,30,1983,3.8,3.4,4
female,group C,associate's degree,50000-68000,none,29,2039,3.9,3.7,3
female,group B,master's degree,90000+,completed,33,2245,4,3.8,4
female,group B,associate's degree,68000-90000,completed,28,2056,3.8,3.4,4
female,group D,high school,25000-50000,none,26,1902,3.5,3.2,7
male,group B,high school,50000-68000,none,30,2058,3.8,3.6,4
female,group A,associate's degree,50000-68000,completed,34,2229,4,3.6,4
male,group B,high school,50000-68000,completed,30,1986,3.8,3.4,4
female,group B,high school,50000-68000,none,26,1944,3.6,3.3,6
female,group A,high school,50000-68000,completed,28,1973,3.6,3.4,4
female,group A,high school,50000-68000,completed,28,1967,3.6,3.1,5
male,group D,associate's degree,68000-90000,completed,26,1926,3.4,3.2,4
female,group B,bachelor's degree,50000-68000,none,33,2248,4,3,6
female,group D,associate's degree,68000-90000,none,31,2069,3.9,3.5,4
male,group C,associate's degree,50000-68000,none,28,1957,3.5,3.2,4
female,group B,associate's degree,50000-68000,none,28,1922,3.6,3.4,4
male,group A,bachelor's degree,68000-90000,none,33,2235,4,3.5,4
male,group C,master's degree,90000+,none,28,1995,3.7,3.4,5
male,group A,master's degree,90000+,completed,26,1904,3.5,3.3,4
female,group C,high school,50000-68000,completed,26,1832,3.4,3.1,7
male,group D,high school,68000-90000,none,27,2004,3.6,3.7,4
female,group C,high school,68000-90000,none,31,2095,4,3.5,4
female,group E,associate's degree,68000-90000,none,28,1981,3.7,3,8
male,group D,high school,50000-68000,none,28,1864,3.4,3.3,8
female,group B,high school,25000-50000,none,27,1908,3.5,3,6
female,group B,high school,25000-50000,completed,26,1936,3.5,3.4,4
male,group C,high school,68000-90000,none,21,1658,2.9,3.4,4
female,group D,associate's degree,50000-68000,completed,28,2005,3.8,3.4,4
female,group C,associate's degree,50000-68000,completed,32,2142,4,3.1,5
male,group C,associate's degree,68000-90000,none,26,1883,3.3,3.5,5
male,group B,high school,25000-50000,completed,28,1966,3.7,2.9,8
female,group D,bachelor's degree,68000-90000,none,29,2071,3.9,3.6,4
female,group A,high school,68000-90000,completed,30,2076,3.9,3.5,4
male,group D,high school,25000-50000,none,26,1909,3.5,3.1,5
male,group D,associate's degree,730-25000,none,22,1706,3.1,3,5
female,group B,high school,50000-68000,completed,29,1990,3.8,3.3,4
female,group D,associate's degree,68000-90000,completed,24,1824,3.2,3.1,4
male,group C,associate's degree,50000-68000,none,30,2072,4,3.2,5
male,group C,high school,50000-68000,none,27,1793,3.4,3.4,5
female,group C,high school,25000-50000,none,28,1996,3.7,3.4,6
male,group C,bachelor's degree,90000+,none,28,1922,3.5,3.4,4
male,group A,bachelor's degree,90000+,none,33,2310,4,3.5,5
female,group C,associate's degree,68000-90000,none,31,2075,4,3.6,4
male,group C,associate's degree,68000-90000,none,26,1822,3.4,3.2,4
female,group B,high school,50000-68000,none,24,1652,3.1,3,5
male,group D,associate's degree,68000-90000,none,28,2004,3.7,3.6,4
male,group E,high school,50000-68000,none,30,1967,3.8,3.6,3
male,group B,associate's degree,68000-90000,none,29,1937,3.7,3.4,7
male,group E,high school,68000-90000,none,27,1976,3.7,3.5,6
male,group C,associate's degree,68000-90000,completed,29,2046,3.9,3.4,4
female,group C,bachelor's degree,25000-50000,completed,31,2207,4,3.1,6
male,group C,associate's degree,68000-90000,none,28,1908,3.6,3.5,4
female,group E,associate's degree,68000-90000,none,27,2062,4,3.4,5
male,group C,associate's degree,50000-68000,none,33,2218,4,3.3,5
female,group E,associate's degree,50000-68000,none,30,1922,3.9,3.3,7
female,group D,bachelor's degree,68000-90000,none,30,2039,3.9,3.2,9
female,group E,high school,50000-68000,none,26,1933,3.4,3.2,4
female,group A,master's degree,90000+,none,32,2168,4,3.9,3
male,group C,high school,50000-68000,none,25,1790,3.3,3.5,3
male,group D,high school,25000-50000,completed,27,1892,3.5,3.2,5
male,group B,associate's degree,50000-68000,completed,29,2036,3.8,3.3,4
male,group D,associate's degree,68000-90000,none,27,1927,3.5,3.4,5
male,group A,associate's degree,68000-90000,none,30,2023,3.8,3.6,3
male,group C,master's degree,90000+,none,28,1949,3.6,3.4,6
male,group D,associate's degree,68000-90000,none,30,2055,4,3.7,4
female,group C,high school,25000-50000,completed,22,1705,3.1,2.9,5
male,group B,high school,730-25000,completed,28,1909,3.6,3.2,5
male,group D,high school,50000-68000,completed,29,1986,3.7,3.5,3
male,group C,high school,25000-50000,none,30,2102,3.9,3.5,4
male,group B,associate's degree,68000-90000,none,28,2067,3.8,3.4,5
male,group C,high school,50000-68000,none,30,2006,3.8,3.1,5
female,group B,high school,68000-90000,completed,23,1728,3.1,3.4,3
female,group B,associate's degree,68000-90000,none,32,2170,4,3.6,4
male,group E,associate's degree,50000-68000,completed,27,1948,3.8,3.4,5
male,group D,bachelor's degree,50000-68000,completed,31,2188,4,3.6,4
male,group C,associate's degree,50000-68000,none,30,1940,4,3.3,6
female,group C,associate's degree,90000+,completed,28,1973,3.6,3.6,4
female,group B,high school,25000-50000,none,23,1641,2.9,3.3,8
female,group E,associate's degree,68000-90000,none,28,2002,3.9,3.2,5
female,group D,bachelor's degree,90000+,completed,30,2150,4,3.6,5
male,group C,high school,50000-68000,completed,30,2054,3.9,3.4,5
female,group C,high school,50000-68000,none,29,2040,3.7,3.3,4
male,group B,high school,90000+,none,33,2145,4,3.7,4
male,group C,associate's degree,90000+,none,26,1822,3.3,3.3,4
female,group C,bachelor's degree,68000-90000,none,34,2198,4,3.6,4
female,group C,associate's degree,68000-90000,none,28,2043,3.8,3.3,4
male,group C,associate's degree,68000-90000,none,28,2065,3.9,3.3,5
female,group D,associate's degree,25000-50000,none,28,1971,3.7,3,6
female,group B,high school,25000-50000,none,30,2018,3.9,3.2,5
male,group E,high school,25000-50000,none,32,2136,4,3.4,8
female,group C,high school,50000-68000,none,25,1717,3.1,2.9,6
female,group D,high school,25000-50000,none,33,2161,4,3.3,7
male,group C,associate's degree,50000-68000,none,26,1939,3.7,3.2,4
male,group E,associate's degree,50000-68000,none,31,2168,4,3.6,6
male,group D,high school,68000-90000,none,28,1984,3.8,3.3,5
male,group C,associate's degree,50000-68000,none,29,1969,3.7,3.2,5
male,group D,associate's degree,50000-68000,none,24,1802,3.3,3.2,4
male,group D,associate's degree,50000-68000,completed,31,2002,4,3.6,3
female,group D,associate's degree,25000-50000,completed,26,1813,3.3,3.2,6
male,group E,associate's degree,68000-90000,completed,27,1927,3.7,3.1,7
male,group C,master's degree,68000-90000,none,30,2094,4,3.4,4
female,group D,associate's degree,68000-90000,completed,24,1880,3.2,3.1,4
female,group E,associate's degree,68000-90000,none,31,2202,4,3.5,4
female,group D,high school,50000-68000,none,33,2258,4,3.5,7
male,group B,associate's degree,50000-68000,completed,32,2128,4,3.6,5
female,group E,high school,68000-90000,none,27,1994,3.8,3.4,7
male,group B,associate's degree,50000-68000,completed,27,1891,3.5,3.2,8
male,group D,associate's degree,50000-68000,completed,30,2059,4,3.6,4
female,group B,bachelor's degree,68000-90000,none,27,1894,3.6,3.1,6
female,group C,high school,50000-68000,completed,27,2103,3.8,3.2,7
female,group B,associate's degree,68000-90000,none,29,2041,3.9,3.5,4
female,group C,high school,68000-90000,none,28,1892,3.4,3.3,5
female,group A,high school,68000-90000,none,26,1841,3.3,3.2,4
male,group D,high school,50000-68000,completed,25,1884,3.3,3.1,4
female,group A,associate's degree,68000-90000,completed,31,2072,3.9,3.4,5
female,group C,associate's degree,50000-68000,none,28,2011,3.9,3.7,3
female,group D,high school,50000-68000,none,31,2021,3.9,3.4,4
female,group B,associate's degree,50000-68000,completed,32,2082,4,3.2,6
female,group D,high school,50000-68000,completed,28,1954,3.7,3.2,4
female,group E,associate's degree,68000-90000,completed,32,2115,4,3.7,4
male,group C,associate's degree,68000-90000,completed,29,1943,3.7,3.5,5
female,group C,high school,25000-50000,completed,29,1994,3.9,3.3,5
male,group C,bachelor's degree,50000-68000,none,30,2088,3.9,3.6,3
female,group C,associate's degree,90000+,none,27,1930,3.7,3.4,7
female,group E,master's degree,68000-90000,completed,28,1992,3.8,3.6,3
male,group B,associate's degree,68000-90000,completed,28,2037,3.7,2.9,7
female,group E,associate's degree,25000-50000,none,29,1991,3.7,3.1,7
male,group C,bachelor's degree,68000-90000,none,30,2038,3.8,3.5,6
male,group C,master's degree,90000+,completed,34,2270,4,3.9,4
female,group B,high school,68000-90000,none,27,1936,3.6,3.4,4
female,group E,high school,25000-50000,none,30,2067,3.8,3.4,5
male,group E,bachelor's degree,50000-68000,completed,29,2123,3.9,3.5,5
female,group A,associate's degree,68000-90000,none,30,2048,4,3.7,3
male,group C,high school,25000-50000,none,32,2140,4,3.4,5
female,group D,bachelor's degree,90000+,completed,31,2093,4,3.5,4
female,group E,associate's degree,68000-90000,none,31,2165,4,3.6,4
male,group C,high school,50000-68000,none,23,1699,3,3.2,4
male,group C,bachelor's degree,90000+,none,31,2240,4,3.7,4
female,group E,high school,50000-68000,completed,28,1983,3.7,3.6,3
female,group D,associate's degree,50000-68000,none,28,1980,3.7,3.6,4
female,group C,master's degree,90000+,none,35,2314,4,3.6,5
female,group C,associate's degree,50000-68000,none,24,1883,3.3,3.3,6
male,group D,high school,25000-50000,completed,26,1953,3.4,3.3,5
female,group C,bachelor's degree,68000-90000,none,24,1759,3.1,3.1,4
female,group B,associate's degree,68000-90000,none,31,2184,4,3.8,4
female,group C,master's degree,90000+,none,27,1913,3.6,3.8,6
male,group B,master's degree,50000-68000,none,26,1886,3.6,3.2,6
male,group D,high school,68000-90000,none,27,1928,3.6,3.7,3
female,group C,high school,25000-50000,none,29,2052,3.8,3.2,5
male,group E,associate's degree,50000-68000,none,31,2115,4,3.8,3
female,group E,associate's degree,90000+,completed,30,2023,4,3.8,3
female,group C,associate's degree,50000-68000,none,31,2137,4,3.7,3
female,group B,associate's degree,50000-68000,none,30,2079,4,3.2,6
male,group E,bachelor's degree,68000-90000,completed,30,2059,3.9,3.8,4
female,group C,high school,50000-68000,completed,27,1876,3.4,3.2,4
male,group D,high school,50000-68000,completed,28,2044,3.8,3.3,4
male,group E,associate's degree,50000-68000,completed,25,1841,3.4,3.3,5
male,group C,associate's degree,50000-68000,none,29,1982,3.9,3.5,5
female,group E,bachelor's degree,50000-68000,completed,30,2110,4,3.2,4
male,group C,high school,50000-68000,completed,32,2078,4,3.5,4
female,group C,associate's degree,50000-68000,none,28,1979,3.5,2.8,9
male,group D,associate's degree,68000-90000,completed,30,1998,3.9,3.2,5
female,group E,high school,50000-68000,none,29,1890,3.7,3.2,4
male,group E,bachelor's degree,90000+,completed,34,2338,4,3.7,4
female,group B,master's degree,90000+,none,33,2206,4,3.8,4
male,group C,associate's degree,68000-90000,none,34,2193,4,3.7,5
female,group C,high school,50000-68000,none,27,1964,3.6,3.4,4
female,group D,high school,50000-68000,none,22,1620,2.9,3.2,4
female,group D,high school,50000-68000,none,26,1824,3.4,3.2,7
female,group D,associate's degree,68000-90000,none,26,1854,3.4,3.2,7
female,group E,bachelor's degree,68000-90000,none,29,2101,4,3.7,3
male,group B,associate's degree,68000-90000,none,28,1975,3.8,3.5,4
female,group C,associate's degree,25000-50000,completed,29,1976,3.8,3.1,5
male,group D,associate's degree,68000-90000,completed,29,2081,3.9,3.6,4
female,group B,associate's degree,50000-68000,none,27,1943,3.5,3.1,5
male,group E,high school,50000-68000,none,30,2067,3.9,3.4,5
female,group C,high school,50000-68000,none,28,2033,3.9,3.4,4
male,group B,associate's degree,50000-68000,none,32,2184,4,3.4,5
female,group D,high school,50000-68000,none,30,2081,4,3.3,5
female,group D,high school,50000-68000,completed,26,1743,3.2,3.3,4
female,group C,high school,25000-50000,none,23,1713,2.8,3,5
male,group C,bachelor's degree,90000+,none,29,2005,3.8,2.9,6
female,group A,high school,68000-90000,none,29,1922,3.8,3.4,6
female,group C,associate's degree,68000-90000,completed,31,2076,4,3.9,3
female,group C,high school,50000-68000,none,24,1831,3.2,3.1,4
female,group B,master's degree,68000-90000,none,34,2292,4,3.6,4
male,group E,associate's degree,68000-90000,none,31,2125,3.9,3.6,4
male,group B,associate's degree,68000-90000,none,26,1985,3.5,3.3,4
female,group C,high school,25000-50000,completed,30,2126,3.9,3.2,5
male,group C,high school,25000-50000,none,30,2095,3.9,3.3,7
male,group C,associate's degree,68000-90000,completed,28,1991,3.8,3.1,5
female,group C,high school,50000-68000,none,31,1969,3.9,3.4,4
female,group B,high school,68000-90000,none,28,1952,3.7,3.6,3
male,group B,associate's degree,50000-68000,none,30,2206,4,3.4,4
male,group E,associate's degree,50000-68000,completed,27,1867,3.5,3.1,5
male,group C,high school,25000-50000,none,26,1960,3.6,3.5,4
male,group C,high school,68000-90000,none,25,1822,3.3,3,6
female,group B,high school,25000-50000,none,26,1857,3.4,3,5
male,group D,high school,730-25000,none,22,1630,2.8,2.7,6
male,group D,high school,50000-68000,none,28,2039,3.8,3.7,3
male,group D,high school,68000-90000,none,29,2042,3.8,3.2,7
female,group C,high school,50000-68000,completed,27,2015,3.6,3.4,8
male,group D,high school,50000-68000,none,29,2094,3.9,3.4,4
male,group C,master's degree,90000+,none,31,2263,4,3.5,7
male,group C,high school,50000-68000,none,26,1758,3.2,3.1,6
male,group E,bachelor's degree,68000-90000,completed,29,2129,4,3.6,3
female,group C,associate's degree,25000-50000,completed,30,2039,4,3.5,5
male,group B,associate's degree,90000+,completed,27,1977,3.7,3.2,6
female,group D,associate's degree,25000-50000,none,28,1981,3.5,3.1,5
male,group B,high school,25000-50000,completed,29,1962,3.8,3.5,4
male,group E,bachelor's degree,50000-68000,completed,31,2161,4,3.3,4
male,group B,high school,25000-50000,none,27,1880,3.4,3,5
female,group C,bachelor's degree,68000-90000,none,27,1963,3.6,3.4,6
female,group D,high school,50000-68000,completed,32,2110,3.9,3.7,3
male,group C,high school,25000-50000,completed,28,1912,3.5,3.3,5
male,group B,high school,68000-90000,completed,27,1875,3.5,3.3,4
female,group D,high school,25000-50000,completed,30,2106,3.9,3,7
female,group C,high school,50000-68000,none,27,1932,3.5,3.2,4
male,group E,high school,90000+,completed,28,2042,3.8,3.6,4
male,group C,high school,50000-68000,none,26,1833,3.3,3.2,4
female,group C,high school,50000-68000,completed,29,1893,3.6,3.2,5
female,group B,high school,25000-50000,completed,29,1978,3.8,3.3,5
male,group D,associate's degree,90000+,none,34,2208,4,3.4,7
male,group B,associate's degree,50000-68000,none,29,1986,3.7,3.5,4
female,group E,associate's degree,68000-90000,completed,33,2252,4,3.7,4
female,group B,bachelor's degree,68000-90000,completed,28,1977,3.7,3.4,4
female,group D,associate's degree,90000+,completed,34,2283,4,3.5,5
male,group C,associate's degree,68000-90000,none,27,1851,3.4,3.6,3
female,group D,associate's degree,50000-68000,completed,31,2072,4,3.6,3
female,group C,high school,25000-50000,none,30,2014,3.8,3.3,5
male,group D,master's degree,68000-90000,completed,31,2105,4,3.5,4
female,group D,associate's degree,90000+,none,33,2269,4,3.6,5
female,group B,associate's degree,50000-68000,none,25,1968,3.5,2.9,5
female,group E,associate's degree,68000-90000,completed,28,2041,3.9,3.2,5
male,group D,high school,50000-68000,none,29,1952,3.8,3.4,4
male,group E,master's degree,50000-68000,none,33,2232,4,3.2,5
male,group D,bachelor's degree,68000-90000,none,31,2122,4,3.3,4
male,group B,associate's degree,50000-68000,none,27,1868,3.5,3.3,6
female,group A,associate's degree,68000-90000,completed,29,1995,3.7,3.2,5
female,group E,associate's degree,50000-68000,none,30,2069,4,3.4,5
male,group B,associate's degree,68000-90000,none,28,1983,3.7,3.3,6
male,group E,associate's degree,68000-90000,completed,30,2086,4,3.5,7
male,group C,associate's degree,90000+,none,26,1904,3.6,3.3,5
female,group C,associate's degree,68000-90000,none,30,2068,3.8,3.2,7
female,group D,high school,50000-68000,completed,27,1918,3.7,3.1,5
male,group C,associate's degree,50000-68000,none,25,1853,3.3,3.2,6
male,group E,high school,50000-68000,none,23,1809,3.1,3.1,4
male,group C,associate's degree,68000-90000,none,30,2053,3.9,3.6,6
female,group C,associate's degree,90000+,none,32,2256,4,4,3
male,group B,associate's degree,68000-90000,completed,27,1961,3.6,3.3,6
male,group B,high school,50000-68000,none,27,1829,3.5,3.2,4
female,group E,associate's degree,68000-90000,completed,29,1994,3.9,3.3,6
male,group C,associate's degree,50000-68000,completed,25,1917,3.4,3.2,8
female,group D,associate's degree,68000-90000,completed,25,1818,3.2,3.3,4
male,group C,high school,50000-68000,none,26,1747,3.1,3.1,5
female,group C,associate's degree,68000-90000,completed,34,2259,4,3.8,3
male,group C,bachelor's degree,90000+,completed,32,2220,4,3.4,5
male,group A,associate's degree,68000-90000,none,32,2206,4,3.3,5
female,group C,associate's degree,90000+,completed,27,1879,3.4,3.2,5
female,group C,high school,25000-50000,none,27,1974,3.7,2.8,6
female,group B,high school,25000-50000,none,25,1787,3.2,3.1,5
male,group B,high school,50000-68000,completed,24,1711,3.2,3,5
female,group C,master's degree,90000+,completed,28,2044,3.8,3.5,6
female,group C,associate's degree,90000+,none,26,1914,3.4,3.3,5
female,group B,master's degree,50000-68000,completed,29,2070,3.9,3.3,6
female,group C,master's degree,90000+,none,32,2241,4,3.8,4
female,group C,high school,25000-50000,none,30,2104,3.9,3.5,7
male,group E,high school,25000-50000,completed,30,1999,3.8,3.1,9
female,group C,associate's degree,50000-68000,completed,24,1776,3.2,3,4
female,group D,associate's degree,68000-90000,none,32,2143,4,3.3,5
male,group E,high school,25000-50000,completed,29,1926,3.8,3.4,5
female,group D,associate's degree,68000-90000,none,25,1801,3.3,3.4,4
male,group C,master's degree,90000+,none,31,2103,4,3.9,3
female,group A,bachelor's degree,50000-68000,none,29,1981,3.7,3.2,4
male,group C,associate's degree,68000-90000,none,28,1968,3.6,3.6,3
male,group C,associate's degree,25000-50000,none,29,2065,3.8,2.8,7
female,group C,high school,50000-68000,none,30,1984,3.9,3.6,4
male,group D,high school,25000-50000,none,26,1911,3.3,2.8,6
male,group E,associate's degree,68000-90000,none,26,1863,3.4,3.6,3
female,group D,high school,68000-90000,none,32,2190,4,3.4,5
female,group B,associate's degree,50000-68000,completed,33,2252,4,3.5,6
female,group B,associate's degree,50000-68000,none,24,1835,3.2,2.9,5
female,group A,associate's degree,50000-68000,none,32,2126,4,3.3,5
female,group E,high school,50000-68000,completed,20,1583,2.7,3.2,6
male,group B,high school,68000-90000,completed,25,1795,3.2,3.2,8
female,group C,high school,50000-68000,none,31,2099,3.8,3.4,6
male,group C,associate's degree,68000-90000,none,33,2262,4,3.7,4
male,group D,high school,25000-50000,completed,24,1722,3.1,3.2,6
female,group B,bachelor's degree,50000-68000,none,27,1979,3.9,3.4,7
male,group C,associate's degree,50000-68000,completed,26,1963,3.5,3.1,5
male,group C,master's degree,50000-68000,none,28,2086,3.9,3.6,3
female,group C,high school,25000-50000,completed,28,1887,3.5,3.1,7
male,group E,associate's degree,68000-90000,none,34,2294,4,4,7
male,group E,associate's degree,50000-68000,completed,28,1955,3.7,3.2,4
female,group B,associate's degree,68000-90000,completed,30,2091,4,3.4,4
female,group C,high school,25000-50000,none,32,1989,4,3.3,5
male,group D,associate's degree,68000-90000,none,29,1950,3.7,3.3,4
female,group E,bachelor's degree,68000-90000,none,31,2057,4,3.4,8
male,group C,high school,50000-68000,none,27,1908,3.4,3.2,7
female,group D,bachelor's degree,90000+,none,28,2014,3.8,3.5,4
female,group D,associate's degree,90000+,completed,30,2085,4,3.8,6
male,group A,high school,25000-50000,completed,26,1791,3.2,2.9,10
male,group C,associate's degree,50000-68000,none,28,2010,3.7,3.3,4
male,group D,high school,50000-68000,completed,27,1897,3.4,3.2,4
female,group B,high school,50000-68000,completed,33,2185,4,3.4,5
female,group D,associate's degree,25000-50000,none,25,1906,3.4,3,6
female,group C,high school,25000-50000,completed,30,2036,3.8,3.4,5
female,group D,high school,50000-68000,none,28,1868,3.5,3.5,3
female,group B,high school,50000-68000,completed,28,1895,3.6,3.2,5
female,group B,high school,25000-50000,none,29,1923,3.5,3.5,5
female,group B,associate's degree,50000-68000,none,27,1874,3.5,3.2,4
female,group C,high school,50000-68000,none,29,2075,4,3.2,5
female,group D,high school,25000-50000,none,27,1822,3.4,3.1,5
female,group C,high school,25000-50000,none,31,2063,4,3.2,5
male,group C,master's degree,68000-90000,completed,35,2309,4,3.8,4
male,group B,associate's degree,50000-68000,none,29,1975,3.8,3.3,6
male,group C,high school,25000-50000,none,23,1842,3.2,3,5
male,group D,high school,25000-50000,none,27,1884,3.6,3.2,5
male,group E,high school,68000-90000,completed,31,2200,4,3.7,5
female,group D,associate's degree,50000-68000,none,27,1926,3.6,3,5
female,group C,high school,25000-50000,none,25,1827,3.2,3.1,6
female,group A,associate's degree,68000-90000,completed,24,1822,3.4,3.5,3
female,group E,high school,25000-50000,none,24,1835,3.2,3.4,4
male,group A,high school,50000-68000,none,27,1841,3.5,3.1,7
male,group C,high school,25000-50000,none,25,1806,3.2,3,5
female,group D,high school,50000-68000,none,33,2148,4,3.3,8
male,group C,associate's degree,68000-90000,none,28,1806,3.4,3.4,4
male,group B,high school,50000-68000,completed,29,1941,3.5,3.3,4
male,group D,high school,25000-50000,none,29,2073,3.9,3.5,4
male,group A,bachelor's degree,68000-90000,completed,27,1967,3.6,3.1,6
female,group E,bachelor's degree,50000-68000,none,30,2186,4,3.2,5
male,group C,bachelor's degree,68000-90000,none,30,2056,3.9,3.4,4
female,group D,high school,68000-90000,none,29,1937,3.7,3.2,6
male,group D,associate's degree,68000-90000,none,24,1903,3.4,3.3,6
female,group D,bachelor's degree,90000+,none,31,2182,4,3.4,7
male,group B,bachelor's degree,68000-90000,none,29,2115,4,3.5,5
female,group C,bachelor's degree,25000-50000,completed,25,1930,3.5,3.2,5
female,group D,master's degree,68000-90000,none,28,2018,3.6,3.4,6
male,group C,master's degree,90000+,none,34,2261,4,3.7,5
female,group C,high school,25000-50000,completed,31,2084,3.9,3.3,5
female,group D,high school,50000-68000,none,29,1990,3.8,3.6,3
female,group A,high school,68000-90000,none,25,1717,3.1,3.1,6
female,group D,high school,50000-68000,none,28,1980,3.7,3.6,6
female,group B,master's degree,68000-90000,none,28,2012,3.8,3.4,7
female,group E,master's degree,68000-90000,none,27,1914,3.7,3.4,4
male,group D,associate's degree,25000-50000,completed,30,2042,4,3.4,9
female,group D,associate's degree,68000-90000,none,29,2044,4,3.8,3
female,group C,associate's degree,50000-68000,completed,25,1824,3.5,3,5
male,group B,high school,25000-50000,none,28,1801,3.3,3.3,4
female,group D,master's degree,68000-90000,completed,27,2091,4,3.2,7
male,group D,high school,25000-50000,completed,27,1859,3.5,3.2,5
female,group B,bachelor's degree,90000+,none,30,2146,4,3.8,4
male,group B,associate's degree,68000-90000,none,32,2102,4,3.3,5
female,group C,high school,50000-68000,none,30,2032,3.9,3.5,4
female,group D,high school,50000-68000,none,29,2063,3.7,3.4,5
male,group B,high school,68000-90000,completed,26,1856,3.4,3.3,6
male,group C,high school,50000-68000,none,25,1834,3.2,2.9,5
male,group C,master's degree,90000+,none,28,1970,3.7,3.6,4
male,group B,associate's degree,68000-90000,none,28,1828,3.6,3.4,6
female,group C,bachelor's degree,68000-90000,none,31,2105,4,3.6,4
male,group E,associate's degree,68000-90000,completed,32,2221,4,3.4,5
male,group C,associate's degree,25000-50000,none,33,2262,4,3.7,5
male,group E,associate's degree,90000+,none,27,1897,3.5,3.2,5
male,group B,high school,50000-68000,completed,32,2040,3.9,3.7,6
female,group C,associate's degree,50000-68000,completed,33,2197,4,3.8,3
male,group D,associate's degree,68000-90000,none,29,2105,3.9,3.6,3
female,group D,associate's degree,68000-90000,completed,29,1938,3.6,3.2,9
female,group B,associate's degree,25000-50000,completed,27,1911,3.4,3.3,5
female,group E,associate's degree,68000-90000,none,32,2131,4,3.4,6
male,group B,high school,50000-68000,completed,24,1888,3.4,3.2,4
male,group C,master's degree,68000-90000,completed,33,2148,4,3.3,7
male,group A,master's degree,90000+,none,30,2141,4,3.7,4
female,group C,associate's degree,50000-68000,none,29,2143,3.9,3.3,8
male,group C,high school,50000-68000,none,28,1797,3.4,3.5,3
male,group C,bachelor's degree,90000+,completed,30,2048,3.9,3.8,3
female,group C,high school,25000-50000,none,23,1635,3,3.2,7
female,group B,high school,50000-68000,none,29,1960,3.6,3.3,4
female,group D,associate's degree,68000-90000,completed,26,1777,3.3,3.6,3
female,group E,associate's degree,50000-68000,completed,30,2005,3.9,3.4,6
female,group D,high school,25000-50000,none,29,2058,3.8,3.4,5
male,group C,high school,50000-68000,none,30,1982,3.8,3.4,7
female,group C,associate's degree,68000-90000,none,35,2229,4,3.8,4
female,group B,master's degree,90000+,completed,34,2366,4,4,6
female,group E,high school,68000-90000,none,32,2038,3.9,3.6,4
female,group B,high school,50000-68000,none,31,2040,3.8,3.5,4
female,group C,high school,50000-68000,none,26,1920,3.4,3.3,4
female,group E,master's degree,68000-90000,none,29,1951,3.7,3.7,3
female,group A,bachelor's degree,68000-90000,completed,27,1960,3.7,3.5,3
female,group C,high school,50000-68000,none,30,1997,3.7,3.5,4
female,group D,high school,25000-50000,none,31,2129,4,3.2,7
female,group A,high school,50000-68000,completed,29,2028,3.9,3.5,5
male,group B,high school,25000-50000,none,21,1660,2.8,3,5
female,group B,bachelor's degree,90000+,none,28,1973,3.7,3.2,9
female,group E,high school,68000-90000,none,27,1952,3.6,3.5,6
female,group E,high school,50000-68000,none,27,1839,3.3,3.2,6
male,group C,high school,50000-68000,none,25,1754,3.1,3.2,6
male,group B,high school,25000-50000,none,25,1939,3.6,3.2,5
female,group D,high school,25000-50000,completed,28,1947,3.7,3.1,8
female,group E,high school,25000-50000,none,28,1902,3.5,3.2,8
male,group B,associate's degree,90000+,none,26,1920,3.5,3.5,4
male,group E,associate's degree,25000-50000,completed,27,1844,3.5,3.2,6
female,group B,associate's degree,50000-68000,completed,30,2200,4,3.2,6
female,group C,high school,25000-50000,none,27,1948,3.6,3.4,5
male,group E,associate's degree,25000-50000,none,25,1905,3.6,3.5,7
female,group E,bachelor's degree,50000-68000,none,28,1986,3.8,3.4,4
female,group E,high school,50000-68000,none,25,1769,3.2,3.4,3
male,group D,high school,25000-50000,none,26,1809,3.3,2.9,6
male,group D,associate's degree,50000-68000,none,29,2056,3.8,3.5,4
male,group E,associate's degree,50000-68000,none,31,1961,3.9,3.4,5
female,group E,bachelor's degree,90000+,completed,31,2184,4,3.7,8
female,group B,associate's degree,50000-68000,none,31,2159,4,2.9,6
male,group E,associate's degree,25000-50000,none,24,1821,3.3,3.2,6
female,group C,bachelor's degree,68000-90000,none,28,1970,3.8,3.5,4
female,group A,high school,25000-50000,none,31,2029,4,3.3,5
male,group A,high school,25000-50000,completed,28,1906,3.5,3.3,5
female,group D,bachelor's degree,68000-90000,none,31,2113,4,3.7,3
female,group D,associate's degree,68000-90000,none,29,2084,3.9,3.6,3
female,group E,high school,50000-68000,completed,30,2190,4,3.3,5
female,group D,associate's degree,68000-90000,none,26,1914,3.6,3.5,4
male,group D,high school,50000-68000,none,34,2238,4,3.5,4
male,group E,high school,50000-68000,none,29,1979,3.8,3.4,4
female,group B,high school,25000-50000,none,29,2046,3.8,3.1,5
male,group B,associate's degree,25000-50000,completed,31,2103,4,3.7,6
male,group B,high school,25000-50000,completed,28,1857,3.4,3,8
male,group A,bachelor's degree,68000-90000,completed,30,2018,3.8,3.7,3
female,group D,associate's degree,90000+,none,30,2028,3.9,3.6,6
female,group B,bachelor's degree,68000-90000,completed,27,1988,3.7,2.8,6
male,group D,high school,25000-50000,none,19,1606,2.7,2.8,5
female,group C,associate's degree,90000+,none,25,1783,3.3,3.1,5
female,group C,associate's degree,50000-68000,completed,30,1907,3.7,3.3,4
male,group C,high school,25000-50000,none,30,2084,3.9,3.4,6
female,group A,associate's degree,68000-90000,completed,31,2246,4,3.6,5
female,group D,high school,25000-50000,completed,29,1898,3.7,3,7
female,group C,high school,50000-68000,none,29,2068,3.9,3.4,5
female,group C,associate's degree,68000-90000,none,34,2274,4,3.5,4
female,group D,associate's degree,68000-90000,completed,29,1906,3.6,3.2,8
female,group B,high school,50000-68000,none,25,1851,3.5,3.5,3
female,group D,master's degree,90000+,completed,30,2033,3.8,3.7,6
male,group E,associate's degree,68000-90000,none,29,1970,3.7,3.5,4
female,group E,associate's degree,68000-90000,none,29,2049,3.8,3.5,4
female,group E,associate's degree,68000-90000,completed,30,2182,4,3.5,4
female,group D,bachelor's degree,50000-68000,none,28,2029,3.7,3.1,6
female,group E,associate's degree,50000-68000,none,27,2002,3.6,3.6,3
female,group D,master's degree,90000+,completed,28,2177,4,3.5,4
male,group D,bachelor's degree,68000-90000,none,28,2150,4,3.3,5
male,group B,associate's degree,68000-90000,none,28,2070,4,3.7,3
female,group C,high school,50000-68000,none,29,1990,3.7,3.2,5
female,group B,high school,50000-68000,none,33,2142,4,3.5,5
male,group C,master's degree,90000+,none,30,1931,3.7,3.6,5
male,group A,associate's degree,50000-68000,none,26,2001,3.8,3.5,3
female,group C,associate's degree,68000-90000,none,28,1928,3.5,3.2,4
female,group E,high school,25000-50000,completed,32,2121,4,3.5,5
female,group E,high school,50000-68000,none,30,2116,4,3.7,3
male,group C,associate's degree,68000-90000,completed,23,1778,3.1,3.1,7
male,group B,associate's degree,68000-90000,none,32,2122,4,3.6,4
female,group D,associate's degree,68000-90000,completed,31,2089,3.9,3.3,8
female,group C,high school,25000-50000,completed,30,2038,3.8,3.6,4
male,group D,associate's degree,68000-90000,completed,26,1896,3.5,3.2,4
male,group C,associate's degree,68000-90000,none,30,2156,4,3.7,4
male,group D,high school,68000-90000,none,32,2192,4,3.5,4
female,group E,bachelor's degree,68000-90000,none,28,2034,3.8,3.2,6
male,group D,associate's degree,68000-90000,completed,30,2017,3.9,3.5,4
female,group A,high school,730-25000,completed,24,1775,3.2,2.8,6
female,group C,associate's degree,50000-68000,none,34,2345,4,3.6,5
male,group E,bachelor's degree,68000-90000,completed,28,1990,3.8,3.5,6
male,group B,high school,50000-68000,none,28,1942,3.5,3.4,7
male,group E,bachelor's degree,68000-90000,none,29,1991,3.6,3,5
male,group C,associate's degree,50000-68000,completed,27,1857,3.4,3,5
male,group C,associate's degree,50000-68000,none,30,2045,3.8,3.2,8
female,group C,associate's degree,68000-90000,none,28,1966,3.6,3.3,4
male,group D,bachelor's degree,68000-90000,none,34,2267,4,3.6,7
female,group C,bachelor's degree,68000-90000,none,24,1851,3.4,3.6,5
female,group D,associate's degree,50000-68000,none,29,2052,3.8,3.5,4
male,group C,bachelor's degree,50000-68000,completed,31,2189,4,3.4,4
male,group D,associate's degree,68000-90000,none,29,2083,3.8,3.1,5
female,group C,associate's degree,68000-90000,none,34,2189,4,3.6,4
female,group D,high school,730-25000,none,29,2048,3.8,2.9,8
male,group B,high school,50000-68000,none,32,2147,4,3.7,3
female,group C,bachelor's degree,68000-90000,none,31,2190,4,3.6,6
female,group D,associate's degree,68000-90000,none,30,2132,4,3.5,5
female,group A,high school,25000-50000,completed,25,1860,3.4,3,7
male,group B,high school,25000-50000,none,31,2091,4,3.6,4
male,group A,associate's degree,68000-90000,none,26,1848,3.5,2.9,5
male,group C,associate's degree,68000-90000,completed,30,2071,4,3.6,5
male,group A,bachelor's degree,50000-68000,none,31,2146,4,3.5,7
male,group C,high school,25000-50000,none,29,1865,3.4,3,6
male,group B,associate's degree,68000-90000,completed,30,2041,3.8,3.3,7
female,group C,associate's degree,50000-68000,none,27,1785,3.3,3.1,4
female,group B,associate's degree,68000-90000,none,34,2290,4,3.7,5
female,group B,high school,68000-90000,none,23,1680,2.9,3.6,4
female,group C,associate's degree,90000+,none,32,2162,4,3.7,5
male,group E,high school,50000-68000,none,26,1938,3.8,3.4,4
female,group E,high school,68000-90000,completed,29,1971,3.6,3.4,6
male,group B,high school,50000-68000,completed,27,1947,3.6,3.2,6
male,group E,high school,50000-68000,completed,27,1808,3.3,3.1,4
female,group D,high school,25000-50000,none,21,1746,3,2.8,7
male,group C,associate's degree,68000-90000,none,28,2026,3.9,3.6,3
male,group C,bachelor's degree,68000-90000,none,26,1971,3.6,3.4,4
female,group D,high school,68000-90000,completed,30,2112,4,3.9,3
male,group B,associate's degree,50000-68000,completed,26,1914,3.5,3.3,4
male,group D,associate's degree,68000-90000,completed,32,2203,4,3.8,3
female,group D,associate's degree,50000-68000,completed,24,1756,3.2,3,8
male,group E,associate's degree,50000-68000,none,29,1975,3.8,3.6,3
male,group C,associate's degree,90000+,completed,26,1883,3.4,3.7,3
female,group E,associate's degree,68000-90000,none,30,2146,4,3.5,4
male,group C,high school,68000-90000,none,27,1944,3.6,3.3,4
male,group C,associate's degree,68000-90000,none,28,1887,3.7,3.4,5
male,group C,high school,25000-50000,none,28,1924,3.5,3,6
male,group D,bachelor's degree,68000-90000,completed,31,2123,4,3.6,4
female,group E,high school,50000-68000,none,28,1987,3.7,3.6,3
female,group E,associate's degree,68000-90000,none,33,2230,4,3.7,4
female,group D,associate's degree,90000+,completed,27,2019,3.8,3.7,4
female,group C,associate's degree,90000+,none,36,2294,4,3.8,4
female,group B,associate's degree,68000-90000,none,29,2055,3.7,3.5,4
male,group E,high school,68000-90000,completed,24,1801,3.2,3.6,3
male,group C,associate's degree,68000-90000,none,31,1986,4,3.2,5
male,group C,high school,25000-50000,none,29,2111,4,3.3,5
female,group B,associate's degree,50000-68000,none,31,2115,4,3.2,5
female,group D,associate's degree,50000-68000,none,27,1878,3.5,3.5,4
female,group B,associate's degree,68000-90000,none,31,2205,4,3.2,5
male,group C,master's degree,90000+,completed,29,1977,3.8,3.4,4
male,group E,associate's degree,50000-68000,none,26,1828,3.5,2.9,5
female,group B,high school,50000-68000,completed,31,2059,4,3.1,6
female,group C,high school,50000-68000,none,30,2080,3.8,3.4,4
male,group C,associate's degree,25000-50000,none,30,2049,3.8,3.2,5
female,group B,associate's degree,68000-90000,none,32,2165,4,3.6,5
male,group C,associate's degree,68000-90000,none,27,1946,3.5,3.1,7
male,group B,associate's degree,68000-90000,completed,27,1995,3.5,3.3,4
male,group D,associate's degree,68000-90000,none,26,1842,3.4,3.5,3
female,group C,high school,25000-50000,none,27,2005,3.6,3.3,6
male,group B,high school,25000-50000,none,27,1999,3.6,3.4,4
female,group D,associate's degree,50000-68000,completed,26,2037,3.9,3.6,4
female,group B,high school,50000-68000,completed,25,1749,3.3,3.2,6
male,group C,bachelor's degree,50000-68000,none,29,2113,4,3.2,7
female,group A,high school,50000-68000,none,30,1993,3.7,3.3,5
male,group D,high school,68000-90000,none,27,1805,3.5,3.4,6
male,group B,high school,50000-68000,completed,31,2088,4,3.7,5
female,group D,high school,25000-50000,none,26,1864,3.5,3.2,6
female,group B,associate's degree,68000-90000,completed,33,2234,4,3.6,4
female,group E,associate's degree,68000-90000,none,28,1975,3.7,3.7,6
female,group C,bachelor's degree,68000-90000,none,28,1952,3.7,3.5,7
male,group B,high school,25000-50000,none,30,2188,4,3.1,6
female,group C,high school,50000-68000,none,29,1963,3.6,3.4,7
male,group B,high school,50000-68000,none,26,1895,3.5,3.3,5
female,group E,high school,50000-68000,completed,33,2083,4,3.3,4
male,group D,bachelor's degree,68000-90000,none,28,2017,3.8,3.4,6
male,group B,high school,50000-68000,none,29,1945,3.7,3.5,7
male,group C,associate's degree,68000-90000,none,31,2057,4,3.5,5
male,group D,high school,25000-50000,completed,30,2033,3.7,3.3,7
female,group C,master's degree,50000-68000,completed,30,2036,4,3.4,4
female,group B,associate's degree,68000-90000,none,31,2178,4,3.6,5
male,group A,high school,50000-68000,none,28,1903,3.7,3.7,3
female,group C,high school,25000-50000,none,23,1680,3,3.1,5
female,group D,high school,50000-68000,none,26,1883,3.5,3.1,5
male,group D,associate's degree,68000-90000,none,29,2027,3.8,3.5,7
male,group C,high school,50000-68000,completed,29,2007,3.8,3.3,5
male,group B,associate's degree,50000-68000,none,28,1919,3.7,3.3,7
male,group D,associate's degree,50000-68000,none,25,1908,3.3,3.2,4
female,group D,high school,50000-68000,none,28,1983,3.7,3.3,5
male,group D,associate's degree,68000-90000,none,28,1990,3.6,3.3,4
female,group D,bachelor's degree,68000-90000,completed,26,1871,3.4,3,7
male,group D,bachelor's degree,90000+,none,31,2119,4,3.6,5
female,group E,associate's degree,68000-90000,none,28,1961,3.7,3.5,4
female,group C,high school,50000-68000,none,29,1966,3.5,3.1,5
female,group C,associate's degree,68000-90000,none,24,1819,3.3,3.5,4
male,group C,bachelor's degree,68000-90000,completed,30,2174,4,3.3,5
male,group D,associate's degree,68000-90000,none,28,1950,3.6,3.3,5
female,group B,associate's degree,68000-90000,none,29,2141,4,3.2,5
male,group E,associate's degree,50000-68000,none,26,1859,3.4,3.6,4
female,group D,high school,25000-50000,none,24,1661,3.1,2.9,6
female,group C,high school,25000-50000,none,26,1913,3.6,3,7
female,group A,high school,25000-50000,none,29,1973,3.7,3.3,5
female,group C,high school,25000-50000,none,26,1839,3.2,3.3,4
male,group D,bachelor's degree,68000-90000,none,30,2110,4,3.6,6
male,group B,high school,25000-50000,completed,29,2048,3.8,3.2,5
male,group E,bachelor's degree,90000+,completed,30,2133,4,3.8,4
male,group B,high school,25000-50000,none,27,1972,3.5,3.2,5
female,group D,high school,50000-68000,none,31,2170,4,3.8,6
female,group D,high school,25000-50000,completed,24,1676,3,2.9,8
female,group C,master's degree,90000+,none,28,2028,3.8,3.5,5
female,group D,associate's degree,50000-68000,none,30,2137,4,3.4,5
female,group D,bachelor's degree,68000-90000,completed,32,2266,4,3.4,5
female,group A,bachelor's degree,68000-90000,none,29,2032,3.7,3.3,4
male,group A,high school,50000-68000,none,29,2010,3.8,3.4,4
female,group D,high school,25000-50000,completed,32,2189,4,3.6,4
female,group B,high school,25000-50000,none,28,1906,3.7,3.4,6
male,group E,associate's degree,68000-90000,none,31,2168,4,3.6,7
male,group A,high school,68000-90000,none,27,1929,3.6,3.3,4
female,group B,associate's degree,50000-68000,none,29,2025,3.8,3.4,4
male,group B,bachelor's degree,90000+,none,31,2091,4,3.6,4
female,group D,bachelor's degree,68000-90000,none,26,2012,3.7,3.6,3
male,group B,associate's degree,50000-68000,none,27,1913,3.5,3.1,5
female,group E,high school,25000-50000,none,28,1903,3.5,3.2,5
female,group C,associate's degree,50000-68000,completed,28,2054,3.9,3,9
male,group A,high school,25000-50000,completed,27,1883,3.5,3.3,5
male,group D,associate's degree,68000-90000,none,33,2143,4,3.5,4
female,group D,associate's degree,25000-50000,completed,34,2262,4,3.8,4
male,group B,master's degree,68000-90000,completed,31,2259,4,3.4,5
female,group C,high school,730-25000,none,32,2170,4,3.2,6
female,group B,associate's degree,68000-90000,completed,30,2030,4,3.3,5
female,group D,associate's degree,68000-90000,none,28,1947,3.7,3.3,7
male,group C,bachelor's degree,90000+,completed,27,1968,3.7,3.2,5
female,group D,high school,50000-68000,completed,26,1759,3.2,3.2,5
female,group B,high school,730-25000,completed,26,1824,3.3,2.8,6
male,group C,associate's degree,50000-68000,none,25,1818,3.4,3,5
female,group D,associate's degree,50000-68000,none,34,2160,4,3.3,5
female,group C,bachelor's degree,90000+,none,29,2013,3.8,3.1,5
male,group E,associate's degree,68000-90000,completed,32,2048,4,3.7,4
male,group D,associate's degree,50000-68000,none,31,2149,4,3.6,4
female,group D,bachelor's degree,68000-90000,none,25,1957,3.5,3.3,6
female,group D,bachelor's degree,68000-90000,none,27,1885,3.5,3.6,3
male,group D,high school,25000-50000,none,25,1861,3.4,3.1,8
male,group A,associate's degree,68000-90000,none,30,2010,4,3.4,4
male,group C,high school,50000-68000,none,29,1950,3.7,3,7
female,group C,high school,50000-68000,none,29,1949,3.8,3.4,4
male,group E,associate's degree,50000-68000,none,29,2058,4,3.5,6
male,group C,bachelor's degree,68000-90000,none,29,2064,3.9,3.2,5
female,group C,associate's degree,50000-68000,completed,29,2180,4,3.6,3
male,group C,bachelor's degree,90000+,none,29,2080,4,3.4,6
male,group C,high school,68000-90000,none,28,1915,3.6,3.6,3
male,group C,associate's degree,68000-90000,none,27,1938,3.7,3.5,4
female,group D,high school,50000-68000,none,29,1889,3.6,3.1,5
male,group D,high school,25000-50000,none,28,1868,3.5,3.1,7
male,group E,associate's degree,50000-68000,none,27,1861,3.4,3.3,7
male,group B,associate's degree,50000-68000,completed,30,2105,4,3.4,5
female,group B,bachelor's degree,90000+,none,30,2164,4,3.3,5
female,group C,high school,730-25000,none,26,1964,3.5,2.8,6
female,group C,high school,25000-50000,completed,28,1900,3.5,3.4,4
male,group C,associate's degree,25000-50000,none,26,1845,3.4,3.4,4
male,group C,high school,25000-50000,completed,27,1892,3.6,3.3,9
female,group A,associate's degree,90000+,completed,28,1931,3.5,3.4,6
female,group C,high school,25000-50000,none,29,2040,3.9,3.6,6
female,group B,high school,25000-50000,none,26,1779,3.3,3.2,7
male,group C,associate's degree,68000-90000,none,32,2198,4,3.4,7
female,group D,associate's degree,25000-50000,none,29,1959,3.7,3.1,5
female,group D,high school,25000-50000,none,26,1892,3.4,3.3,5
female,group D,master's degree,68000-90000,completed,27,1949,3.6,3.5,5
male,group B,associate's degree,50000-68000,none,31,2083,4,3.3,7
female,group C,associate's degree,68000-90000,none,25,1801,3.3,3,5
male,group B,master's degree,90000+,none,35,2336,4,3.8,4
male,group D,high school,25000-50000,none,26,1864,3.4,3.2,7
male,group C,master's degree,68000-90000,none,31,2136,4,3.3,5
male,group C,associate's degree,50000-68000,none,29,1963,3.7,3.6,4
female,group D,associate's degree,68000-90000,completed,31,2155,4,3.4,8
male,group C,bachelor's degree,68000-90000,completed,28,1889,3.5,3.3,4
male,group C,associate's degree,90000+,completed,33,2148,4,3.7,5
male,group D,high school,68000-90000,completed,31,2011,3.9,3.3,7
female,group D,bachelor's degree,50000-68000,none,30,2115,4,3.5,4
male,group D,high school,50000-68000,none,27,1923,3.5,3.6,5
male,group D,associate's degree,50000-68000,none,30,2128,4,3.6,5
female,group E,high school,68000-90000,completed,26,1970,3.7,3.2,6
female,group E,high school,25000-50000,none,31,2169,4,3.2,5
male,group D,master's degree,68000-90000,none,33,2225,4,3.6,8
male,group C,associate's degree,50000-68000,completed,29,2022,3.9,3.5,7
female,group D,master's degree,90000+,completed,28,2026,3.7,3.4,4
male,group D,associate's degree,50000-68000,none,26,1968,3.8,3.3,4
female,group D,high school,730-25000,none,26,1807,3.3,3.1,7
female,group D,high school,50000-68000,completed,27,1968,3.6,3.2,4
female,group B,associate's degree,90000+,none,31,2053,4,3.5,4
male,group B,high school,50000-68000,none,28,2007,3.7,3.5,5
male,group B,high school,50000-68000,completed,29,2006,3.8,3.6,3
female,group C,high school,68000-90000,none,29,1979,3.8,3.5,6
male,group A,high school,50000-68000,none,26,1907,3.6,3.6,3
female,group C,high school,25000-50000,none,24,1791,3.2,3,8
male,group C,high school,50000-68000,completed,30,2026,3.8,3.2,4
male,group B,associate's degree,68000-90000,completed,26,1965,3.6,3.5,3
male,group E,high school,50000-68000,completed,27,1964,3.7,3.2,5
male,group C,master's degree,68000-90000,completed,30,2147,4,3.4,5
female,group E,high school,25000-50000,none,25,1703,3.2,2.8,8
female,group C,associate's degree,90000+,none,26,1894,3.4,3.3,5
male,group D,high school,50000-68000,completed,29,1963,3.8,3.6,4
female,group D,associate's degree,25000-50000,none,27,2032,3.7,3.2,8
male,group D,associate's degree,90000+,completed,30,2155,4,3.6,4
male,group E,high school,50000-68000,completed,31,2007,3.9,3.4,5
male,group C,bachelor's degree,50000-68000,none,26,1809,3.5,3.3,4
female,group B,high school,50000-68000,none,30,2121,4,3.2,6
male,group E,high school,68000-90000,none,33,2146,4,3.8,3
female,group C,high school,25000-50000,none,31,2046,4,3.6,4
male,group E,high school,25000-50000,completed,28,1891,3.5,3.1,5
male,group E,associate's degree,50000-68000,none,32,2200,4,3.5,7
male,group C,associate's degree,68000-90000,none,28,2040,3.9,3.6,4
male,group B,master's degree,68000-90000,completed,30,2005,3.9,3.3,4
male,group C,associate's degree,68000-90000,none,27,1984,3.8,3.4,4
female,group D,high school,25000-50000,completed,24,1856,3.3,3.1,5
female,group C,master's degree,68000-90000,completed,27,2032,3.8,3.7,3
male,group B,master's degree,68000-90000,none,30,2029,3.9,3.2,5
female,group D,bachelor's degree,68000-90000,none,27,2032,3.7,3.4,4
female,group D,associate's degree,90000+,completed,32,2168,4,3.8,5
female,group B,associate's degree,68000-90000,completed,31,2072,4,3.7,3
female,group B,high school,730-25000,none,30,2072,3.8,3.3,7
